{
	"credit": "Made with Blockbench",
	"textures": {
		"0": "megaescape:block/drawer_front",
		"1": "megaescape:block/drawer_side",
		"particle": "megaescape:block/drawer_front"
	},
	"elements": [
		{
			"name": "bottom",
			"from": [0, 0, 0],
			"to": [16, 9, 16],
			"faces": {
				"north": {"uv": [0, 7, 16, 16], "texture": "#0"},
				"east": {"uv": [0, 7, 16, 16], "texture": "#1"},
				"south": {"uv": [0, 7, 16, 16], "texture": "#1"},
				"west": {"uv": [0, 7, 16, 16], "texture": "#1"},
				"down": {"uv": [0, 0, 16, 16], "texture": "#1"}
			}
		},
		{
			"name": "side_west",
			"from": [0, 9, 0],
			"to": [2, 14, 16],
			"rotation": {"angle": 0, "axis": "y", "origin": [0, 9, 0]},
			"faces": {
				"north": {"uv": [14, 2, 16, 7], "texture": "#1"},
				"east": {"uv": [0, 2, 16, 7], "texture": "#1"},
				"south": {"uv": [0, 2, 2, 7], "texture": "#1"},
				"west": {"uv": [0, 2, 16, 7], "texture": "#1"}
			}
		},
		{
			"name": "side_east",
			"from": [14, 9, 0],
			"to": [16, 14, 16],
			"rotation": {"angle": 0, "axis": "y", "origin": [14, 9, 0]},
			"faces": {
				"north": {"uv": [0, 2, 2, 7], "texture": "#1"},
				"east": {"uv": [0, 2, 16, 7], "texture": "#1"},
				"south": {"uv": [14, 2, 16, 7], "texture": "#1"},
				"west": {"uv": [0, 0, 16, 5], "texture": "#1"}
			}
		},
		{
			"name": "side_top",
			"from": [0, 14, 0],
			"to": [16, 16, 16],
			"rotation": {"angle": 0, "axis": "y", "origin": [0, 14, 0]},
			"faces": {
				"north": {"uv": [0, 0, 16, 2], "texture": "#1"},
				"east": {"uv": [0, 0, 16, 2], "texture": "#1"},
				"south": {"uv": [0, 0, 16, 2], "texture": "#1"},
				"west": {"uv": [0, 0, 16, 2], "texture": "#1"},
				"up": {"uv": [0, 0, 16, 16], "texture": "#1"},
				"down": {"uv": [0, 0, 16, 16], "texture": "#1"}
			}
		},
		{
			"name": "side_south",
			"from": [1, 9, 9],
			"to": [15, 14, 16],
			"rotation": {"angle": 0, "axis": "y", "origin": [1, 9, 9]},
			"faces": {
				"north": {"uv": [1, 2, 15, 7], "texture": "#1"},
				"south": {"uv": [1, 2, 15, 7], "texture": "#1"}
			}
		},
		{
			"name": "drawer_west",
			"from": [2, 10, -5],
			"to": [3, 14, 9],
			"rotation": {"angle": 0, "axis": "y", "origin": [2, 10, -5]},
			"faces": {
				"east": {"uv": [1, 0, 15, 4], "texture": "#1"},
				"west": {"uv": [1, 0, 15, 4], "texture": "#1"},
				"up": {"uv": [0, 1, 1, 15], "texture": "#1"}
			}
		},
		{
			"name": "drawer_east",
			"from": [13, 10, -5],
			"to": [14, 14, 9],
			"rotation": {"angle": 0, "axis": "y", "origin": [13, 10, -5]},
			"faces": {
				"east": {"uv": [1, 0, 15, 4], "texture": "#1"},
				"west": {"uv": [1, 0, 15, 4], "texture": "#1"},
				"up": {"uv": [0, 1, 1, 15], "texture": "#1"}
			}
		},
		{
			"name": "drawer_bottom",
			"from": [2, 9, -5],
			"to": [14, 10, 9],
			"rotation": {"angle": 0, "axis": "y", "origin": [2, 9, -5]},
			"faces": {
				"east": {"uv": [1, 15, 15, 16], "texture": "#1"},
				"west": {"uv": [1, 15, 15, 16], "texture": "#1"},
				"up": {"uv": [2, 1, 14, 15], "texture": "#1"},
				"down": {"uv": [2, 1, 14, 15], "texture": "#1"}
			}
		},
		{
			"name": "drawer_front",
			"from": [2, 9, -6],
			"to": [14, 14, -5],
			"rotation": {"angle": 0, "axis": "y", "origin": [2, 9, -6]},
			"faces": {
				"north": {"uv": [2, 2, 14, 7], "texture": "#0"},
				"east": {"uv": [0, 0, 1, 1], "texture": "#1"},
				"south": {"uv": [0, 0, 1, 1], "texture": "#1"},
				"west": {"uv": [0, 0, 1, 1], "texture": "#1"},
				"up": {"uv": [0, 0, 1, 1], "texture": "#1"},
				"down": {"uv": [0, 0, 1, 1], "texture": "#1"}
			}
		},
		{
			"name": "drawer_handle",
			"from": [6, 11, -7],
			"to": [10, 12, -6],
			"rotation": {"angle": 0, "axis": "y", "origin": [6, 10, -7]},
			"faces": {
				"north": {"uv": [6, 4, 10, 5], "texture": "#0"},
				"east": {"uv": [6, 4, 7, 5], "texture": "#0"},
				"west": {"uv": [9, 4, 10, 5], "texture": "#0"},
				"up": {"uv": [10, 4, 6, 5], "texture": "#0"},
				"down": {"uv": [10, 4, 6, 5], "texture": "#0"}
			}
		}
	],
	"display": {
		"thirdperson_righthand": {
			"rotation": [75, 45, 0],
			"translation": [0, 2.5, 0],
			"scale": [0.375, 0.375, 0.375]
		},
		"thirdperson_lefthand": {
			"rotation": [75, 45, 0],
			"translation": [0, 2.5, 0],
			"scale": [0.375, 0.375, 0.375]
		},
		"firstperson_righthand": {
			"rotation": [0, 45, 0],
			"scale": [0.4, 0.4, 0.4]
		},
		"firstperson_lefthand": {
			"rotation": [0, 225, 0],
			"scale": [0.4, 0.4, 0.4]
		},
		"ground": {
			"translation": [0, 3, 0],
			"scale": [0.25, 0.25, 0.25]
		},
		"gui": {
			"rotation": [30, 225, 0],
			"scale": [0.625, 0.625, 0.625]
		},
		"fixed": {
			"scale": [0.5, 0.5, 0.5]
		}
	}
}