{
	"credit": "Made with Blockbench",
	"textures": {
		"0": "megaescape:block/drawer_front",
		"1": "megaescape:block/drawer_side",
		"particle": "megaescape:block/drawer_front"
	},
	"elements": [
		{
			"name": "bottom",
			"from": [0, 0, 0],
			"to": [16, 16, 16],
			"faces": {
				"north": {"uv": [0, 0, 16, 16], "texture": "#0"},
				"east": {"uv": [0, 0, 16, 16], "texture": "#1"},
				"south": {"uv": [0, 0, 16, 16], "texture": "#1"},
				"west": {"uv": [0, 0, 16, 16], "texture": "#1"},
				"up": {"uv": [0, 0, 16, 16], "texture": "#1"},
				"down": {"uv": [0, 0, 16, 16], "texture": "#1"}
			}
		},
		{
			"name": "drawer_handle",
			"from": [6, 4, -1],
			"to": [10, 5, 0],
			"rotation": {"angle": 0, "axis": "y", "origin": [6, 3, -1]},
			"faces": {
				"north": {"uv": [6, 11, 10, 12], "texture": "#0"},
				"east": {"uv": [6, 11, 7, 12], "texture": "#0"},
				"west": {"uv": [9, 11, 10, 12], "texture": "#0"},
				"up": {"uv": [10, 11, 6, 12], "texture": "#0"},
				"down": {"uv": [10, 11, 6, 12], "texture": "#0"}
			}
		},
		{
			"name": "drawer_handle",
			"from": [6, 11, -1],
			"to": [10, 12, 0],
			"rotation": {"angle": 0, "axis": "y", "origin": [6, 10, -1]},
			"faces": {
				"north": {"uv": [6, 4, 10, 5], "texture": "#0"},
				"east": {"uv": [6, 4, 7, 5], "texture": "#0"},
				"west": {"uv": [9, 4, 10, 5], "texture": "#0"},
				"up": {"uv": [10, 4, 6, 5], "texture": "#0"},
				"down": {"uv": [10, 4, 6, 5], "texture": "#0"}
			}
		}
	]
}