{
	"credit": "Made with Blockbench",
	"textures": {
		"0": "megaescape:block/drawer_front",
		"1": "megaescape:block/drawer_side",
		"particle": "megaescape:block/drawer_front"
	},
	"elements": [
		{
			"name": "side_south",
			"from": [2, 2, 9],
			"to": [14, 7, 16],
			"rotation": {"angle": 0, "axis": "y", "origin": [2, 2, 9]},
			"faces": {
				"north": {"uv": [1, 9, 15, 14], "texture": "#1"},
				"south": {"uv": [1, 9, 15, 14], "texture": "#1"}
			}
		},
		{
			"name": "side_east",
			"from": [14, 2, 0],
			"to": [16, 7, 16],
			"rotation": {"angle": 0, "axis": "y", "origin": [14, 2, 0]},
			"faces": {
				"north": {"uv": [0, 9, 2, 14], "texture": "#1"},
				"east": {"uv": [0, 9, 16, 14], "texture": "#1"},
				"south": {"uv": [14, 9, 16, 14], "texture": "#1"}
			}
		},
		{
			"name": "side_west",
			"from": [0, 2, 0],
			"to": [2, 7, 16],
			"rotation": {"angle": 0, "axis": "y", "origin": [0, 2, 0]},
			"faces": {
				"north": {"uv": [14, 9, 16, 14], "texture": "#1"},
				"south": {"uv": [0, 9, 2, 14], "texture": "#1"},
				"west": {"uv": [0, 9, 16, 14], "texture": "#1"}
			}
		},
		{
			"name": "bottom",
			"from": [0, 0, 0],
			"to": [16, 2, 16],
			"faces": {
				"north": {"uv": [0, 14, 16, 16], "texture": "#1"},
				"east": {"uv": [0, 14, 16, 16], "texture": "#1"},
				"south": {"uv": [0, 14, 16, 16], "texture": "#1"},
				"west": {"uv": [0, 14, 16, 16], "texture": "#1"},
				"down": {"uv": [0, 0, 16, 16], "texture": "#1"}
			}
		},
		{
			"name": "drawer_west",
			"from": [2, 3, -5],
			"to": [3, 7, 9],
			"rotation": {"angle": 0, "axis": "y", "origin": [2, 3, -5]},
			"faces": {
				"east": {"uv": [1, 0, 15, 4], "texture": "#1"},
				"west": {"uv": [1, 0, 15, 4], "texture": "#1"},
				"up": {"uv": [0, 1, 1, 15], "texture": "#1"}
			}
		},
		{
			"name": "drawer_east",
			"from": [13, 3, -5],
			"to": [14, 7, 9],
			"rotation": {"angle": 0, "axis": "y", "origin": [13, 3, -5]},
			"faces": {
				"east": {"uv": [1, 0, 15, 4], "texture": "#1"},
				"west": {"uv": [1, 0, 15, 4], "texture": "#1"},
				"up": {"uv": [0, 1, 1, 15], "texture": "#1"}
			}
		},
		{
			"name": "drawer_bottom",
			"from": [2, 2, -5],
			"to": [14, 3, 9],
			"rotation": {"angle": 0, "axis": "y", "origin": [2, 2, -5]},
			"faces": {
				"north": {"uv": [0, 0, 0, 0], "texture": "#1"},
				"east": {"uv": [1, 15, 15, 16], "texture": "#1"},
				"south": {"uv": [0, 0, 0, 0], "texture": "#1"},
				"west": {"uv": [1, 15, 15, 16], "texture": "#1"},
				"up": {"uv": [2, 1, 14, 15], "texture": "#1"},
				"down": {"uv": [2, 1, 14, 15], "texture": "#1"}
			}
		},
		{
			"name": "drawer_front",
			"from": [2, 2, -6],
			"to": [14, 7, -5],
			"rotation": {"angle": 0, "axis": "y", "origin": [2, 2, -6]},
			"faces": {
				"north": {"uv": [2, 9, 14, 14], "texture": "#0"},
				"east": {"uv": [0, 0, 1, 1], "texture": "#0"},
				"south": {"uv": [0, 0, 1, 1], "texture": "#0"},
				"west": {"uv": [0, 0, 1, 1], "texture": "#0"},
				"up": {"uv": [0, 0, 1, 1], "texture": "#0"},
				"down": {"uv": [0, 0, 1, 1], "texture": "#0"}
			}
		},
		{
			"name": "drawer_handle",
			"from": [6, 4, -7],
			"to": [10, 5, -6],
			"rotation": {"angle": 0, "axis": "y", "origin": [6, 3, -7]},
			"faces": {
				"north": {"uv": [6, 11, 10, 12], "texture": "#0"},
				"east": {"uv": [6, 11, 7, 12], "texture": "#0"},
				"west": {"uv": [9, 11, 10, 12], "texture": "#0"},
				"up": {"uv": [10, 11, 6, 12], "texture": "#0"},
				"down": {"uv": [10, 11, 6, 12], "texture": "#0"}
			}
		},
		{
			"name": "drawer_handle",
			"from": [6, 11, -7],
			"to": [10, 12, -6],
			"rotation": {"angle": 0, "axis": "y", "origin": [6, 10, -7]},
			"faces": {
				"north": {"uv": [6, 4, 10, 5], "texture": "#0"},
				"east": {"uv": [6, 4, 7, 5], "texture": "#0"},
				"west": {"uv": [9, 4, 10, 5], "texture": "#0"},
				"up": {"uv": [10, 4, 6, 5], "texture": "#0"},
				"down": {"uv": [10, 4, 6, 5], "texture": "#0"}
			}
		},
		{
			"name": "drawer_front",
			"from": [2, 9, -6],
			"to": [14, 14, -5],
			"rotation": {"angle": 0, "axis": "y", "origin": [2, 9, -6]},
			"faces": {
				"north": {"uv": [2, 2, 14, 7], "texture": "#0"},
				"east": {"uv": [0, 0, 1, 1], "texture": "#1"},
				"south": {"uv": [0, 0, 1, 1], "texture": "#1"},
				"west": {"uv": [0, 0, 1, 1], "texture": "#1"},
				"up": {"uv": [0, 0, 1, 1], "texture": "#1"},
				"down": {"uv": [0, 0, 1, 1], "texture": "#1"}
			}
		},
		{
			"name": "drawer_bottom",
			"from": [2, 9, -5],
			"to": [14, 10, 9],
			"rotation": {"angle": 0, "axis": "y", "origin": [2, 9, -5]},
			"faces": {
				"east": {"uv": [1, 15, 15, 16], "texture": "#1"},
				"west": {"uv": [1, 15, 15, 16], "texture": "#1"},
				"up": {"uv": [2, 1, 14, 15], "texture": "#1"},
				"down": {"uv": [2, 1, 14, 15], "texture": "#1"}
			}
		},
		{
			"name": "drawer_west",
			"from": [2, 10, -5],
			"to": [3, 14, 9],
			"rotation": {"angle": 0, "axis": "y", "origin": [2, 10, -5]},
			"faces": {
				"east": {"uv": [1, 0, 15, 4], "texture": "#1"},
				"west": {"uv": [1, 0, 15, 4], "texture": "#1"},
				"up": {"uv": [0, 1, 1, 15], "texture": "#1"}
			}
		},
		{
			"name": "drawer_east",
			"from": [13, 10, -5],
			"to": [14, 14, 9],
			"rotation": {"angle": 0, "axis": "y", "origin": [13, 10, -5]},
			"faces": {
				"east": {"uv": [1, 0, 15, 4], "texture": "#1"},
				"west": {"uv": [1, 0, 15, 4], "texture": "#1"},
				"up": {"uv": [0, 1, 1, 15], "texture": "#1"}
			}
		},
		{
			"name": "side_top",
			"from": [0, 14, 0],
			"to": [16, 16, 16],
			"rotation": {"angle": 0, "axis": "y", "origin": [0, 14, 0]},
			"faces": {
				"north": {"uv": [0, 0, 16, 2], "texture": "#1"},
				"east": {"uv": [0, 0, 16, 2], "texture": "#1"},
				"south": {"uv": [0, 0, 16, 2], "texture": "#1"},
				"west": {"uv": [0, 0, 16, 2], "texture": "#1"},
				"up": {"uv": [0, 0, 16, 16], "texture": "#1"},
				"down": {"uv": [0, 0, 16, 16], "texture": "#1"}
			}
		},
		{
			"name": "side_south",
			"from": [1, 9, 9],
			"to": [15, 14, 16],
			"rotation": {"angle": 0, "axis": "y", "origin": [1, 9, 9]},
			"faces": {
				"north": {"uv": [1, 2, 15, 7], "texture": "#1"},
				"south": {"uv": [1, 2, 15, 7], "texture": "#1"}
			}
		},
		{
			"name": "side_west",
			"from": [0, 9, 0],
			"to": [2, 14, 16],
			"rotation": {"angle": 0, "axis": "y", "origin": [0, 9, 0]},
			"faces": {
				"north": {"uv": [14, 2, 16, 7], "texture": "#1"},
				"east": {"uv": [0, 2, 16, 7], "texture": "#1"},
				"south": {"uv": [0, 2, 2, 7], "texture": "#1"},
				"west": {"uv": [0, 2, 16, 7], "texture": "#1"}
			}
		},
		{
			"name": "side_east",
			"from": [14, 9, 0],
			"to": [16, 14, 16],
			"rotation": {"angle": 0, "axis": "y", "origin": [14, 9, 0]},
			"faces": {
				"north": {"uv": [0, 2, 2, 7], "texture": "#1"},
				"east": {"uv": [0, 2, 16, 7], "texture": "#1"},
				"south": {"uv": [14, 2, 16, 7], "texture": "#1"},
				"west": {"uv": [0, 0, 16, 5], "texture": "#1"}
			}
		},
		{
			"from": [0, 7, 0],
			"to": [16, 9, 16],
			"rotation": {"angle": 0, "axis": "y", "origin": [0, 7, 0]},
			"faces": {
				"north": {"uv": [0, 7, 16, 9], "texture": "#0"},
				"east": {"uv": [0, 7, 16, 9], "texture": "#0"},
				"south": {"uv": [0, 7, 16, 9], "texture": "#0"},
				"west": {"uv": [0, 7, 16, 9], "texture": "#0"}
			}
		}
	]
}